codigo_alt,entidad,tipo_entidad,departamento,anio,clasificacion_ofpuj,clas_gen,total_recaudo
17001,Manizales,Municipio,Caldas,2024,Impuesto predial unificado,Ingresos propios,104694569619
17001,Manizales,Municipio,Caldas,2024,Impuesto predial unificado,Ingresos propios,348674124
17001,Manizales,Municipio,Caldas,2024,Impuesto predial unificado,Ingresos propios,1173986948
17001,Manizales,Municipio,Caldas,2024,Impuesto predial unificado,Ingresos propios,344750218
17001,Manizales,Municipio,Caldas,2024,Impuesto predial unificado,Ingresos propios,10836713881
17001,Manizales,Municipio,Caldas,2024,Impuesto predial unificado,Ingresos propios,6523917481
17001,Manizales,Municipio,Caldas,2024,Impuesto predial unificado,Ingresos propios,19630645
17001,Manizales,Municipio,Caldas,2024,Impuesto predial unificado,Ingresos propios,66096445
17001,Manizales,Municipio,Caldas,2024,Sobretasa a la gasolina,Ingresos propios,22343459306
17001,Manizales,Municipio,Caldas,2024,Sobretasa a la gasolina,Ingresos propios,67232074
17001,Manizales,Municipio,Caldas,2024,Sobretasa a la gasolina,Ingresos propios,226370620
17001,Manizales,Municipio,Caldas,2024,Impuesto de industria y comercio,Ingresos propios,88607371260
17001,Manizales,Municipio,Caldas,2024,Impuesto de industria y comercio,Ingresos propios,266621980
17001,Manizales,Municipio,Caldas,2024,Impuesto de industria y comercio,Ingresos propios,897717104
17001,Manizales,Municipio,Caldas,2024,Impuesto complementario de avisos y tableros,Ingresos propios,8651008139
17001,Manizales,Municipio,Caldas,2024,Impuesto complementario de avisos y tableros,Ingresos propios,26031118
17001,Manizales,Municipio,Caldas,2024,Impuesto complementario de avisos y tableros,Ingresos propios,87646861
17001,Manizales,Municipio,Caldas,2024,Otros ingresos tributarios,Ingresos propios,231740876
17001,Manizales,Municipio,Caldas,2024,Otros ingresos tributarios,Ingresos propios,697315
17001,Manizales,Municipio,Caldas,2024,Otros ingresos tributarios,Ingresos propios,2347861
17001,Manizales,Municipio,Caldas,2024,Otros ingresos tributarios,Ingresos propios,14337990
17001,Manizales,Municipio,Caldas,2024,Otros ingresos tributarios,Ingresos propios,1415202576
17001,Manizales,Municipio,Caldas,2024,Otros ingresos tributarios,Ingresos propios,4258383
17001,Manizales,Municipio,Caldas,2024,Impuesto de delineacion,Ingresos propios,37409062
17001,Manizales,Municipio,Caldas,2024,Impuesto de delineacion,Ingresos propios,11110491
17001,Manizales,Municipio,Caldas,2024,Impuesto de delineacion,Ingresos propios,3692386612
17001,Manizales,Municipio,Caldas,2024,Otros ingresos tributarios,Ingresos propios,1799903873
17001,Manizales,Municipio,Caldas,2024,Otros ingresos tributarios,Ingresos propios,2524535
17001,Manizales,Municipio,Caldas,2024,Otros ingresos tributarios,Ingresos propios,749787
17001,Manizales,Municipio,Caldas,2024,Otros ingresos tributarios,Ingresos propios,249179151
17001,Manizales,Municipio,Caldas,2024,Otros ingresos tributarios,Ingresos propios,61780255
17001,Manizales,Municipio,Caldas,2024,Sobretasa bomberil,Ingresos propios,3978540702
17001,Manizales,Municipio,Caldas,2024,Impuesto de transporte por oleoductos y gasoductos,Ingresos propios,632166406
17001,Manizales,Municipio,Caldas,2024,Otros ingresos tributarios,Ingresos propios,96884214
17001,Manizales,Municipio,Caldas,2024,Otros ingresos tributarios,Ingresos propios,291527
17001,Manizales,Municipio,Caldas,2024,Otros ingresos tributarios,Ingresos propios,981573
17001,Manizales,Municipio,Caldas,2024,Otros ingresos tributarios,Ingresos propios,591357706
17001,Manizales,Municipio,Caldas,2024,Tasa prodeporte y recreacion,Ingresos propios,1260612942
17001,Manizales,Municipio,Caldas,2024,Estampillas,Ingresos propios,11929351190
17001,Manizales,Municipio,Caldas,2024,Estampillas,Ingresos propios,3541294293
17001,Manizales,Municipio,Caldas,2024,Estampillas,Ingresos propios,1713044012
17001,Manizales,Municipio,Caldas,2024,"Tasas, multas y contribuciones",Ingresos propios,257895800
17001,Manizales,Municipio,Caldas,2024,"Tasas, multas y contribuciones",Ingresos propios,98260421
17001,Manizales,Municipio,Caldas,2024,"Tasas, multas y contribuciones",Ingresos propios,88777698
17001,Manizales,Municipio,Caldas,2024,"Tasas, multas y contribuciones",Ingresos propios,867127552
17001,Manizales,Municipio,Caldas,2024,"Tasas, multas y contribuciones",Ingresos propios,137846239
17001,Manizales,Municipio,Caldas,2024,"Tasas, multas y contribuciones",Ingresos propios,34123000
17001,Manizales,Municipio,Caldas,2024,"Tasas, multas y contribuciones",Ingresos propios,32803272
17001,Manizales,Municipio,Caldas,2024,"Tasas, multas y contribuciones",Ingresos propios,57861599
17001,Manizales,Municipio,Caldas,2024,"Tasas, multas y contribuciones",Ingresos propios,48081266
17001,Manizales,Municipio,Caldas,2024,"Tasas, multas y contribuciones",Ingresos propios,98364102
17001,Manizales,Municipio,Caldas,2024,"Tasas, multas y contribuciones",Ingresos propios,67378782
17001,Manizales,Municipio,Caldas,2024,"Tasas, multas y contribuciones",Ingresos propios,4490764508
17001,Manizales,Municipio,Caldas,2024,"Tasas, multas y contribuciones",Ingresos propios,352477591
17001,Manizales,Municipio,Caldas,2024,"Tasas, multas y contribuciones",Ingresos propios,33163371
17001,Manizales,Municipio,Caldas,2024,"Tasas, multas y contribuciones",Ingresos propios,425056772
17001,Manizales,Municipio,Caldas,2024,"Tasas, multas y contribuciones",Ingresos propios,253715613
17001,Manizales,Municipio,Caldas,2024,"Tasas, multas y contribuciones",Ingresos propios,3024929109
17001,Manizales,Municipio,Caldas,2024,"Tasas, multas y contribuciones",Ingresos propios,9102094
17001,Manizales,Municipio,Caldas,2024,"Tasas, multas y contribuciones",Ingresos propios,30646780
17001,Manizales,Municipio,Caldas,2024,"Tasas, multas y contribuciones",Ingresos propios,526439215
17001,Manizales,Municipio,Caldas,2024,"Tasas, multas y contribuciones",Ingresos propios,33293468
17001,Manizales,Municipio,Caldas,2024,"Tasas, multas y contribuciones",Ingresos propios,1987919352
17001,Manizales,Municipio,Caldas,2024,"Tasas, multas y contribuciones",Ingresos propios,5421756
17001,Manizales,Municipio,Caldas,2024,"Tasas, multas y contribuciones",Ingresos propios,15000000
17001,Manizales,Municipio,Caldas,2024,"Tasas, multas y contribuciones",Ingresos propios,120279764
17001,Manizales,Municipio,Caldas,2024,"Tasas, multas y contribuciones",Ingresos propios,1218603
17001,Manizales,Municipio,Caldas,2024,"Tasas, multas y contribuciones",Ingresos propios,361925
17001,Manizales,Municipio,Caldas,2024,"Tasas, multas y contribuciones",Ingresos propios,2444316
17001,Manizales,Municipio,Caldas,2024,"Tasas, multas y contribuciones",Ingresos propios,24764
17001,Manizales,Municipio,Caldas,2024,"Tasas, multas y contribuciones",Ingresos propios,7355
17001,Manizales,Municipio,Caldas,2024,"Tasas, multas y contribuciones",Ingresos propios,3107527926
17001,Manizales,Municipio,Caldas,2024,"Tasas, multas y contribuciones",Ingresos propios,7301379
17001,Manizales,Municipio,Caldas,2024,"Tasas, multas y contribuciones",Ingresos propios,2168510
17001,Manizales,Municipio,Caldas,2024,"Tasas, multas y contribuciones",Ingresos propios,720668000
17001,Manizales,Municipio,Caldas,2024,"Tasas, multas y contribuciones",Ingresos propios,727002115
17001,Manizales,Municipio,Caldas,2024,"Tasas, multas y contribuciones",Ingresos propios,87542450
17001,Manizales,Municipio,Caldas,2024,"Tasas, multas y contribuciones",Ingresos propios,835479
17001,Manizales,Municipio,Caldas,2024,"Tasas, multas y contribuciones",Ingresos propios,26000108
17001,Manizales,Municipio,Caldas,2024,"Tasas, multas y contribuciones",Ingresos propios,19640660
17001,Manizales,Municipio,Caldas,2024,"Tasas, multas y contribuciones",Ingresos propios,850945812
17001,Manizales,Municipio,Caldas,2024,"Tasas, multas y contribuciones",Ingresos propios,8640702448
17001,Manizales,Municipio,Caldas,2024,"Tasas, multas y contribuciones",Ingresos propios,48692503
17001,Manizales,Municipio,Caldas,2024,"Tasas, multas y contribuciones",Ingresos propios,146517
17001,Manizales,Municipio,Caldas,2024,"Tasas, multas y contribuciones",Ingresos propios,493323
17001,Manizales,Municipio,Caldas,2024,"Tasas, multas y contribuciones",Ingresos propios,131151611
17001,Manizales,Municipio,Caldas,2024,"Tasas, multas y contribuciones",Ingresos propios,394639
17001,Manizales,Municipio,Caldas,2024,"Tasas, multas y contribuciones",Ingresos propios,1328750
17001,Manizales,Municipio,Caldas,2024,Sistema general de participaciones,Transferencias,10491859071
17001,Manizales,Municipio,Caldas,2024,Sistema general de participaciones,Transferencias,219103623823
17001,Manizales,Municipio,Caldas,2024,Sistema general de participaciones,Transferencias,13429542301
17001,Manizales,Municipio,Caldas,2024,Sistema general de participaciones,Transferencias,1639791425
17001,Manizales,Municipio,Caldas,2024,Sistema general de participaciones,Transferencias,819895712
17001,Manizales,Municipio,Caldas,2024,Sistema general de participaciones,Transferencias,3302741511
17001,Manizales,Municipio,Caldas,2024,Sistema general de participaciones,Transferencias,54672518622
17001,Manizales,Municipio,Caldas,2024,Sistema general de participaciones,Transferencias,5077666730
17001,Manizales,Municipio,Caldas,2024,Sistema general de participaciones,Transferencias,164784374
17001,Manizales,Municipio,Caldas,2024,Sistema general de participaciones,Transferencias,1884392695
17001,Manizales,Municipio,Caldas,2024,Sistema general de participaciones,Transferencias,1536882802
17001,Manizales,Municipio,Caldas,2024,Sistema general de participaciones,Transferencias,3131461310
17001,Manizales,Municipio,Caldas,2024,Sistema general de participaciones,Transferencias,16335720851
17001,Manizales,Municipio,Caldas,2024,Sistema general de participaciones,Transferencias,828846844
17001,Manizales,Municipio,Caldas,2024,Sistema general de participaciones,Transferencias,3193414526
17001,Manizales,Municipio,Caldas,2024,Sistema general de participaciones,Transferencias,952582339
17001,Manizales,Municipio,Caldas,2024,Sistema general de participaciones,Transferencias,4246607810
17001,Manizales,Municipio,Caldas,2024,Otras transferencias,Transferencias,8740516344
17001,Manizales,Municipio,Caldas,2024,Otras transferencias,Transferencias,26300450
17001,Manizales,Municipio,Caldas,2024,Otras transferencias,Transferencias,88553705
17001,Manizales,Municipio,Caldas,2024,Otras transferencias,Transferencias,33520079047
17001,Manizales,Municipio,Caldas,2024,Otras transferencias,Transferencias,204048868
17001,Manizales,Municipio,Caldas,2024,Otras transferencias,Transferencias,4286979629
17001,Manizales,Municipio,Caldas,2024,Otras transferencias,Transferencias,8970155571
17001,Manizales,Municipio,Caldas,2024,Otras transferencias,Transferencias,1393229911
17001,Manizales,Municipio,Caldas,2024,Otras transferencias,Transferencias,447821492
17001,Manizales,Municipio,Caldas,2024,Recursos del sistema de seguridad social integral,Transferencias,105907263467
17001,Manizales,Municipio,Caldas,2024,Recursos del sistema de seguridad social integral,Transferencias,13463822
17001,Manizales,Municipio,Caldas,2024,Recursos del sistema de seguridad social integral,Transferencias,9535483
17001,Manizales,Municipio,Caldas,2024,Recursos del sistema de seguridad social integral,Transferencias,259605859
17001,Manizales,Municipio,Caldas,2024,Recursos del sistema de seguridad social integral,Transferencias,2665055
17001,Manizales,Municipio,Caldas,2024,Recursos del sistema de seguridad social integral,Transferencias,4169341
17001,Manizales,Municipio,Caldas,2024,Recursos del sistema de seguridad social integral,Transferencias,21647482
17001,Manizales,Municipio,Caldas,2024,Recursos del sistema de seguridad social integral,Transferencias,415222
17001,Manizales,Municipio,Caldas,2024,Recursos del sistema de seguridad social integral,Transferencias,6735461
17001,Manizales,Municipio,Caldas,2024,Recursos del sistema de seguridad social integral,Transferencias,2281630
17001,Manizales,Municipio,Caldas,2024,Recursos del sistema de seguridad social integral,Transferencias,1597243
17001,Manizales,Municipio,Caldas,2024,Recursos del sistema de seguridad social integral,Transferencias,133062034
17001,Manizales,Municipio,Caldas,2024,Recursos del sistema de seguridad social integral,Transferencias,2651090
17001,Manizales,Municipio,Caldas,2024,Recursos del sistema de seguridad social integral,Transferencias,4160998
17001,Manizales,Municipio,Caldas,2024,Recursos del sistema de seguridad social integral,Transferencias,1746900
17001,Manizales,Municipio,Caldas,2024,Recursos del sistema de seguridad social integral,Transferencias,3103070
17001,Manizales,Municipio,Caldas,2024,Recursos del sistema de seguridad social integral,Transferencias,7039427
17001,Manizales,Municipio,Caldas,2024,Recursos del sistema de seguridad social integral,Transferencias,6553511
17001,Manizales,Municipio,Caldas,2024,Recursos del sistema de seguridad social integral,Transferencias,1122954
17001,Manizales,Municipio,Caldas,2024,Recursos del sistema de seguridad social integral,Transferencias,25152319
17001,Manizales,Municipio,Caldas,2024,Recursos del sistema de seguridad social integral,Transferencias,13330724
17001,Manizales,Municipio,Caldas,2024,Recursos del sistema de seguridad social integral,Transferencias,9056639
17001,Manizales,Municipio,Caldas,2024,Recursos del sistema de seguridad social integral,Transferencias,553138
17001,Manizales,Municipio,Caldas,2024,Recursos del sistema de seguridad social integral,Transferencias,27345869
17001,Manizales,Municipio,Caldas,2024,Recursos del sistema de seguridad social integral,Transferencias,10950648
17001,Manizales,Municipio,Caldas,2024,Recursos del sistema de seguridad social integral,Transferencias,260358347
17001,Manizales,Municipio,Caldas,2024,Recursos del sistema de seguridad social integral,Transferencias,605356
17001,Manizales,Municipio,Caldas,2024,Recursos del sistema de seguridad social integral,Transferencias,4972982
17001,Manizales,Municipio,Caldas,2024,Recursos del sistema de seguridad social integral,Transferencias,3009369
17001,Manizales,Municipio,Caldas,2024,Recursos del sistema de seguridad social integral,Transferencias,67868965
17001,Manizales,Municipio,Caldas,2024,Recursos del sistema de seguridad social integral,Transferencias,180578764
17001,Manizales,Municipio,Caldas,2024,Otras transferencias,Transferencias,25161958
17001,Manizales,Municipio,Caldas,2024,"Tasas, multas y contribuciones",Ingresos propios,17859326693
17001,Manizales,Municipio,Caldas,2024,"Tasas, multas y contribuciones",Ingresos propios,1759219460
17001,Manizales,Municipio,Caldas,2024,"Tasas, multas y contribuciones",Ingresos propios,2699566689
17001,Manizales,Municipio,Caldas,2024,"Tasas, multas y contribuciones",Ingresos propios,257715648
17001,Manizales,Municipio,Caldas,2024,"Tasas, multas y contribuciones",Ingresos propios,991370933
17001,Manizales,Municipio,Caldas,2024,"Tasas, multas y contribuciones",Ingresos propios,4663240149
17001,Manizales,Municipio,Caldas,2024,"Tasas, multas y contribuciones",Ingresos propios,1642311717
17001,Manizales,Municipio,Caldas,2024,Otros recursos de capital,Recursos de capital,1363150000
17001,Manizales,Municipio,Caldas,2024,Excedentes financieros,Recursos de capital,1000000000
17001,Manizales,Municipio,Caldas,2024,Excedentes financieros,Recursos de capital,500000000
17001,Manizales,Municipio,Caldas,2024,Otros recursos de capital,Recursos de capital,14618226
17001,Manizales,Municipio,Caldas,2024,Otros recursos de capital,Recursos de capital,23973460
17001,Manizales,Municipio,Caldas,2024,Otros recursos de capital,Recursos de capital,64669
17001,Manizales,Municipio,Caldas,2024,Otros recursos de capital,Recursos de capital,11660885
17001,Manizales,Municipio,Caldas,2024,Otros recursos de capital,Recursos de capital,71621743
17001,Manizales,Municipio,Caldas,2024,Otros recursos de capital,Recursos de capital,58740757
17001,Manizales,Municipio,Caldas,2024,Otros recursos de capital,Recursos de capital,70000992
17001,Manizales,Municipio,Caldas,2024,Otros recursos de capital,Recursos de capital,128812337
17001,Manizales,Municipio,Caldas,2024,Otros recursos de capital,Recursos de capital,265031507
17001,Manizales,Municipio,Caldas,2024,Otros recursos de capital,Recursos de capital,9647309
17001,Manizales,Municipio,Caldas,2024,Otros recursos de capital,Recursos de capital,53524711
17001,Manizales,Municipio,Caldas,2024,Otros recursos de capital,Recursos de capital,18028472908
17001,Manizales,Municipio,Caldas,2024,Otros recursos de capital,Recursos de capital,151919712
17001,Manizales,Municipio,Caldas,2024,Otros recursos de capital,Recursos de capital,873
17001,Manizales,Municipio,Caldas,2024,Otros recursos de capital,Recursos de capital,464315398
17001,Manizales,Municipio,Caldas,2024,Otros recursos de capital,Recursos de capital,912589212
17001,Manizales,Municipio,Caldas,2024,Otros recursos de capital,Recursos de capital,124228704
17001,Manizales,Municipio,Caldas,2024,Otros recursos de capital,Recursos de capital,46921837
17001,Manizales,Municipio,Caldas,2024,Otros recursos de capital,Recursos de capital,1798806409
17001,Manizales,Municipio,Caldas,2024,Otros recursos de capital,Recursos de capital,187758000
17001,Manizales,Municipio,Caldas,2024,Otros recursos de capital,Recursos de capital,266955790
17001,Manizales,Municipio,Caldas,2024,Otros recursos de capital,Recursos de capital,5475000
17001,Manizales,Municipio,Caldas,2024,Otros recursos de capital,Recursos de capital,135000000
17001,Manizales,Municipio,Caldas,2024,Otros recursos de capital,Recursos de capital,39032000
17001,Manizales,Municipio,Caldas,2024,Otros recursos de capital,Recursos de capital,19000000
17001,Manizales,Municipio,Caldas,2024,Otros recursos de capital,Recursos de capital,695870100
17001,Manizales,Municipio,Caldas,2024,Otros recursos de capital,Recursos de capital,1000000000
17001,Manizales,Municipio,Caldas,2024,Otros recursos de capital,Recursos de capital,45051000000
17001,Manizales,Municipio,Caldas,2024,Otros recursos de capital,Recursos de capital,137323453
17001,Manizales,Municipio,Caldas,2024,Recursos del balance,Recursos de capital,275384112
17001,Manizales,Municipio,Caldas,2024,Recursos del balance,Recursos de capital,6629783
17001,Manizales,Municipio,Caldas,2024,Recursos del balance,Recursos de capital,286861424
17001,Manizales,Municipio,Caldas,2024,Recursos del balance,Recursos de capital,116036916
17001,Manizales,Municipio,Caldas,2024,Recursos del balance,Recursos de capital,753251526
17001,Manizales,Municipio,Caldas,2024,Recursos del balance,Recursos de capital,1569264865
17001,Manizales,Municipio,Caldas,2024,Recursos del balance,Recursos de capital,1255820518
17001,Manizales,Municipio,Caldas,2024,Recursos del balance,Recursos de capital,25266268
17001,Manizales,Municipio,Caldas,2024,Recursos del balance,Recursos de capital,310186560
17001,Manizales,Municipio,Caldas,2024,Recursos del balance,Recursos de capital,2349776270
17001,Manizales,Municipio,Caldas,2024,Recursos del balance,Recursos de capital,626345551
17001,Manizales,Municipio,Caldas,2024,Recursos del balance,Recursos de capital,18634
17001,Manizales,Municipio,Caldas,2024,Recursos del balance,Recursos de capital,118374851
17001,Manizales,Municipio,Caldas,2024,Recursos del balance,Recursos de capital,329224723
17001,Manizales,Municipio,Caldas,2024,Recursos del balance,Recursos de capital,274298424
17001,Manizales,Municipio,Caldas,2024,Recursos del balance,Recursos de capital,211499370
17001,Manizales,Municipio,Caldas,2024,Recursos del balance,Recursos de capital,247679270
17001,Manizales,Municipio,Caldas,2024,Recursos del balance,Recursos de capital,236897549
17001,Manizales,Municipio,Caldas,2024,Recursos del balance,Recursos de capital,38717198
17001,Manizales,Municipio,Caldas,2024,Recursos del balance,Recursos de capital,2837921161
17001,Manizales,Municipio,Caldas,2024,Recursos del balance,Recursos de capital,5740880800
17001,Manizales,Municipio,Caldas,2024,Recursos del balance,Recursos de capital,62569430
17001,Manizales,Municipio,Caldas,2024,Recursos del balance,Recursos de capital,692000000
17001,Manizales,Municipio,Caldas,2024,Recursos del balance,Recursos de capital,780549927
17001,Manizales,Municipio,Caldas,2024,Recursos del balance,Recursos de capital,1552103872
17001,Manizales,Municipio,Caldas,2024,Recursos del balance,Recursos de capital,1264686840
17001,Manizales,Municipio,Caldas,2024,Recursos del balance,Recursos de capital,642565008
17001,Manizales,Municipio,Caldas,2024,Recursos del balance,Recursos de capital,1816548255
17001,Manizales,Municipio,Caldas,2024,Recursos del balance,Recursos de capital,2469604768
17001,Manizales,Municipio,Caldas,2024,Recursos del balance,Recursos de capital,807980776
17001,Manizales,Municipio,Caldas,2024,Recursos del balance,Recursos de capital,4300136740
17001,Manizales,Municipio,Caldas,2024,Recursos del balance,Recursos de capital,215308719
17001,Manizales,Municipio,Caldas,2024,Recursos del balance,Recursos de capital,183302344
17001,Manizales,Municipio,Caldas,2024,Recursos del balance,Recursos de capital,65061231815
17001,Manizales,Municipio,Caldas,2024,Recursos del balance,Recursos de capital,3349353996
17001,Manizales,Municipio,Caldas,2024,Otros recursos de capital,Recursos de capital,10090669864
17001,Manizales,Municipio,Caldas,2024,Otros recursos de capital,Recursos de capital,1415143465
17001,Manizales,Municipio,Caldas,2024,Otros recursos de capital,Recursos de capital,3692806268
17001,Manizales,Municipio,Caldas,2024,Otros recursos de capital,Recursos de capital,4901178761
17001,Manizales,Municipio,Caldas,2024,Otros recursos de capital,Recursos de capital,716042551
17001,Manizales,Municipio,Caldas,2024,Otros recursos de capital,Recursos de capital,6012327092
17001,Manizales,Municipio,Caldas,2024,Otros recursos de capital,Recursos de capital,4605457025
17001,Manizales,Municipio,Caldas,2024,Otros recursos de capital,Recursos de capital,27703708
17001,Manizales,Municipio,Caldas,2024,Otros recursos de capital,Recursos de capital,421885404
17001,Manizales,Municipio,Caldas,2024,Otros recursos de capital,Recursos de capital,26760062
17001,Manizales,Municipio,Caldas,2024,Otros recursos de capital,Recursos de capital,1770000000
17001,Manizales,Municipio,Caldas,2024,Otros recursos de capital,Recursos de capital,26770219
17001,Manizales,Municipio,Caldas,2024,Otros recursos de capital,Recursos de capital,2170097483
47001,Santa Marta,Municipio,Magdalena,2024,Sobretasa ambiental,Ingresos propios,24304039124
47001,Santa Marta,Municipio,Magdalena,2024,Sobretasa ambiental,Ingresos propios,2518154239
47001,Santa Marta,Municipio,Magdalena,2024,Impuesto predial unificado,Ingresos propios,63961634676
47001,Santa Marta,Municipio,Magdalena,2024,Impuesto predial unificado,Ingresos propios,785643248
47001,Santa Marta,Municipio,Magdalena,2024,Impuesto predial unificado,Ingresos propios,1868683728
47001,Santa Marta,Municipio,Magdalena,2024,Impuesto predial unificado,Ingresos propios,1280598846
47001,Santa Marta,Municipio,Magdalena,2024,Impuesto predial unificado,Ingresos propios,55000000
47001,Santa Marta,Municipio,Magdalena,2024,Impuesto predial unificado,Ingresos propios,10103919365
47001,Santa Marta,Municipio,Magdalena,2024,Impuesto predial unificado,Ingresos propios,508845000
47001,Santa Marta,Municipio,Magdalena,2024,Impuesto predial unificado,Ingresos propios,6372569054
47001,Santa Marta,Municipio,Magdalena,2024,Impuesto predial unificado,Ingresos propios,64369384
47001,Santa Marta,Municipio,Magdalena,2024,Sobretasa a la gasolina,Ingresos propios,20936315070
47001,Santa Marta,Municipio,Magdalena,2024,Sobretasa a la gasolina,Ingresos propios,211477930
47001,Santa Marta,Municipio,Magdalena,2024,Impuesto de industria y comercio,Ingresos propios,22775126649
47001,Santa Marta,Municipio,Magdalena,2024,Impuesto de industria y comercio,Ingresos propios,230051784
47001,Santa Marta,Municipio,Magdalena,2024,Impuesto de industria y comercio,Ingresos propios,2609027938
47001,Santa Marta,Municipio,Magdalena,2024,Impuesto de industria y comercio,Ingresos propios,26353817
47001,Santa Marta,Municipio,Magdalena,2024,Impuesto de industria y comercio,Ingresos propios,108919552386
47001,Santa Marta,Municipio,Magdalena,2024,Impuesto de industria y comercio,Ingresos propios,1100197498
47001,Santa Marta,Municipio,Magdalena,2024,Impuesto complementario de avisos y tableros,Ingresos propios,151929038
47001,Santa Marta,Municipio,Magdalena,2024,Impuesto complementario de avisos y tableros,Ingresos propios,15040974829
47001,Santa Marta,Municipio,Magdalena,2024,Impuesto de delineacion,Ingresos propios,5203743323
47001,Santa Marta,Municipio,Magdalena,2024,Impuesto de delineacion,Ingresos propios,52563063
47001,Santa Marta,Municipio,Magdalena,2024,Impuesto de alumbrado publico,Ingresos propios,0
47001,Santa Marta,Municipio,Magdalena,2024,Sobretasa bomberil,Ingresos propios,8630297995
47001,Santa Marta,Municipio,Magdalena,2024,Impuesto de transporte por oleoductos y gasoductos,Ingresos propios,909870935
47001,Santa Marta,Municipio,Magdalena,2024,Tasa prodeporte y recreacion,Ingresos propios,6250112796
47001,Santa Marta,Municipio,Magdalena,2024,Estampillas,Ingresos propios,7053788262
47001,Santa Marta,Municipio,Magdalena,2024,Estampillas,Ingresos propios,2767783495
47001,Santa Marta,Municipio,Magdalena,2024,"Tasas, multas y contribuciones",Ingresos propios,140646846
47001,Santa Marta,Municipio,Magdalena,2024,"Tasas, multas y contribuciones",Ingresos propios,4167234415
47001,Santa Marta,Municipio,Magdalena,2024,"Tasas, multas y contribuciones",Ingresos propios,0
47001,Santa Marta,Municipio,Magdalena,2024,"Tasas, multas y contribuciones",Ingresos propios,212729450
47001,Santa Marta,Municipio,Magdalena,2024,"Tasas, multas y contribuciones",Ingresos propios,117884042
47001,Santa Marta,Municipio,Magdalena,2024,"Tasas, multas y contribuciones",Ingresos propios,1190747
47001,Santa Marta,Municipio,Magdalena,2024,"Tasas, multas y contribuciones",Ingresos propios,3341274039
47001,Santa Marta,Municipio,Magdalena,2024,"Tasas, multas y contribuciones",Ingresos propios,0
47001,Santa Marta,Municipio,Magdalena,2024,"Tasas, multas y contribuciones",Ingresos propios,106838301
47001,Santa Marta,Municipio,Magdalena,2024,"Tasas, multas y contribuciones",Ingresos propios,1000
47001,Santa Marta,Municipio,Magdalena,2024,"Tasas, multas y contribuciones",Ingresos propios,0
47001,Santa Marta,Municipio,Magdalena,2024,"Tasas, multas y contribuciones",Ingresos propios,474607422
47001,Santa Marta,Municipio,Magdalena,2024,"Tasas, multas y contribuciones",Ingresos propios,4794014
47001,Santa Marta,Municipio,Magdalena,2024,"Tasas, multas y contribuciones",Ingresos propios,97493000
47001,Santa Marta,Municipio,Magdalena,2024,"Tasas, multas y contribuciones",Ingresos propios,6222849910
47001,Santa Marta,Municipio,Magdalena,2024,"Tasas, multas y contribuciones",Ingresos propios,4659979829
47001,Santa Marta,Municipio,Magdalena,2024,"Tasas, multas y contribuciones",Ingresos propios,62857069
47001,Santa Marta,Municipio,Magdalena,2024,"Tasas, multas y contribuciones",Ingresos propios,0
47001,Santa Marta,Municipio,Magdalena,2024,"Tasas, multas y contribuciones",Ingresos propios,34100000
47001,Santa Marta,Municipio,Magdalena,2024,Sistema general de participaciones,Transferencias,406298336323
47001,Santa Marta,Municipio,Magdalena,2024,Sistema general de participaciones,Transferencias,7076469633
47001,Santa Marta,Municipio,Magdalena,2024,Sistema general de participaciones,Transferencias,8173228910
47001,Santa Marta,Municipio,Magdalena,2024,Sistema general de participaciones,Transferencias,178162497922
47001,Santa Marta,Municipio,Magdalena,2024,Sistema general de participaciones,Transferencias,6576182257
47001,Santa Marta,Municipio,Magdalena,2024,Sistema general de participaciones,Transferencias,2443240012
47001,Santa Marta,Municipio,Magdalena,2024,Sistema general de participaciones,Transferencias,1832430008
47001,Santa Marta,Municipio,Magdalena,2024,Sistema general de participaciones,Transferencias,21084135320
47001,Santa Marta,Municipio,Magdalena,2024,Sistema general de participaciones,Transferencias,2126644794
47001,Santa Marta,Municipio,Magdalena,2024,Sistema general de participaciones,Transferencias,3394971459
47001,Santa Marta,Municipio,Magdalena,2024,Sistema general de participaciones,Transferencias,1060900000
47001,Santa Marta,Municipio,Magdalena,2024,Sistema general de participaciones,Transferencias,4527673435
47001,Santa Marta,Municipio,Magdalena,2024,Sistema general de participaciones,Transferencias,2786171457
47001,Santa Marta,Municipio,Magdalena,2024,Sistema general de participaciones,Transferencias,15055065403
47001,Santa Marta,Municipio,Magdalena,2024,Otras transferencias,Transferencias,255131982
47001,Santa Marta,Municipio,Magdalena,2024,Otras transferencias,Transferencias,20856349600
47001,Santa Marta,Municipio,Magdalena,2024,Otras transferencias,Transferencias,0
47001,Santa Marta,Municipio,Magdalena,2024,Otras transferencias,Transferencias,609600782
47001,Santa Marta,Municipio,Magdalena,2024,Otras transferencias,Transferencias,15551947531
47001,Santa Marta,Municipio,Magdalena,2024,Recursos del sistema de seguridad social integral,Transferencias,322746754503
47001,Santa Marta,Municipio,Magdalena,2024,"Tasas, multas y contribuciones",Ingresos propios,1962110911
47001,Santa Marta,Municipio,Magdalena,2024,"Tasas, multas y contribuciones",Ingresos propios,6326337250
47001,Santa Marta,Municipio,Magdalena,2024,Dividendos y utilidades por otras inversiones de capital,Recursos de capital,4652074340
47001,Santa Marta,Municipio,Magdalena,2024,Otros recursos de capital,Recursos de capital,30222458
47001,Santa Marta,Municipio,Magdalena,2024,Otros recursos de capital,Recursos de capital,129212063
47001,Santa Marta,Municipio,Magdalena,2024,Otros recursos de capital,Recursos de capital,21627775
47001,Santa Marta,Municipio,Magdalena,2024,Otros recursos de capital,Recursos de capital,19910790
47001,Santa Marta,Municipio,Magdalena,2024,Otros recursos de capital,Recursos de capital,105630888
47001,Santa Marta,Municipio,Magdalena,2024,Otros recursos de capital,Recursos de capital,70506333
47001,Santa Marta,Municipio,Magdalena,2024,Otros recursos de capital,Recursos de capital,18520668
47001,Santa Marta,Municipio,Magdalena,2024,Otros recursos de capital,Recursos de capital,3607064057
47001,Santa Marta,Municipio,Magdalena,2024,Otros recursos de capital,Recursos de capital,0
47001,Santa Marta,Municipio,Magdalena,2024,Otros recursos de capital,Recursos de capital,181254607
47001,Santa Marta,Municipio,Magdalena,2024,Otros recursos de capital,Recursos de capital,176109425
47001,Santa Marta,Municipio,Magdalena,2024,Otros recursos de capital,Recursos de capital,64742181
47001,Santa Marta,Municipio,Magdalena,2024,Otros recursos de capital,Recursos de capital,5346779
47001,Santa Marta,Municipio,Magdalena,2024,Otros recursos de capital,Recursos de capital,6874431
47001,Santa Marta,Municipio,Magdalena,2024,Otros recursos de capital,Recursos de capital,449305023
47001,Santa Marta,Municipio,Magdalena,2024,Otros recursos de capital,Recursos de capital,1205969057
47001,Santa Marta,Municipio,Magdalena,2024,Otros recursos de capital,Recursos de capital,167061
47001,Santa Marta,Municipio,Magdalena,2024,Otros recursos de capital,Recursos de capital,1542114
47001,Santa Marta,Municipio,Magdalena,2024,Otros recursos de capital,Recursos de capital,75889077
47001,Santa Marta,Municipio,Magdalena,2024,Otros recursos de capital,Recursos de capital,45737
47001,Santa Marta,Municipio,Magdalena,2024,Otros recursos de capital,Recursos de capital,63761097
47001,Santa Marta,Municipio,Magdalena,2024,Otros recursos de capital,Recursos de capital,222244092
47001,Santa Marta,Municipio,Magdalena,2024,Otros recursos de capital,Recursos de capital,1872124
47001,Santa Marta,Municipio,Magdalena,2024,Otros recursos de capital,Recursos de capital,13342855
47001,Santa Marta,Municipio,Magdalena,2024,Otros recursos de capital,Recursos de capital,268361
47001,Santa Marta,Municipio,Magdalena,2024,Recursos de cr√©dito,Recursos de capital,26880806207
47001,Santa Marta,Municipio,Magdalena,2024,Recursos del balance,Recursos de capital,2027055693
47001,Santa Marta,Municipio,Magdalena,2024,Recursos del balance,Recursos de capital,128650150
47001,Santa Marta,Municipio,Magdalena,2024,Recursos del balance,Recursos de capital,3756042427
47001,Santa Marta,Municipio,Magdalena,2024,Recursos del balance,Recursos de capital,998157936
47001,Santa Marta,Municipio,Magdalena,2024,Recursos del balance,Recursos de capital,1427931356
47001,Santa Marta,Municipio,Magdalena,2024,Recursos del balance,Recursos de capital,6155906
47001,Santa Marta,Municipio,Magdalena,2024,Recursos del balance,Recursos de capital,296972703
47001,Santa Marta,Municipio,Magdalena,2024,Recursos del balance,Recursos de capital,585344392
47001,Santa Marta,Municipio,Magdalena,2024,Recursos del balance,Recursos de capital,400730987
47001,Santa Marta,Municipio,Magdalena,2024,Recursos del balance,Recursos de capital,675839610
47001,Santa Marta,Municipio,Magdalena,2024,Recursos del balance,Recursos de capital,140164040
47001,Santa Marta,Municipio,Magdalena,2024,Recursos del balance,Recursos de capital,5026770680
47001,Santa Marta,Municipio,Magdalena,2024,Recursos del balance,Recursos de capital,109568369
47001,Santa Marta,Municipio,Magdalena,2024,Recursos del balance,Recursos de capital,766482
47001,Santa Marta,Municipio,Magdalena,2024,Recursos del balance,Recursos de capital,2633683538
47001,Santa Marta,Municipio,Magdalena,2024,Recursos del balance,Recursos de capital,777404530
47001,Santa Marta,Municipio,Magdalena,2024,Recursos del balance,Recursos de capital,4178099548
47001,Santa Marta,Municipio,Magdalena,2024,Recursos del balance,Recursos de capital,18317809
47001,Santa Marta,Municipio,Magdalena,2024,Recursos del balance,Recursos de capital,2600876745
47001,Santa Marta,Municipio,Magdalena,2024,Recursos del balance,Recursos de capital,228136389
47001,Santa Marta,Municipio,Magdalena,2024,Recursos del balance,Recursos de capital,20388930712
47001,Santa Marta,Municipio,Magdalena,2024,Recursos del balance,Recursos de capital,2398004201
47001,Santa Marta,Municipio,Magdalena,2024,Recursos del balance,Recursos de capital,230490407
47001,Santa Marta,Municipio,Magdalena,2024,Recursos del balance,Recursos de capital,5467198544
47001,Santa Marta,Municipio,Magdalena,2024,Recursos del balance,Recursos de capital,526946700
47001,Santa Marta,Municipio,Magdalena,2024,Recursos del balance,Recursos de capital,14691269710
47001,Santa Marta,Municipio,Magdalena,2024,Recursos del balance,Recursos de capital,160459451
47001,Santa Marta,Municipio,Magdalena,2024,Recursos del balance,Recursos de capital,8674545
47001,Santa Marta,Municipio,Magdalena,2024,Recursos del balance,Recursos de capital,608597446
47001,Santa Marta,Municipio,Magdalena,2024,Recursos del balance,Recursos de capital,7361973154
47001,Santa Marta,Municipio,Magdalena,2024,Otros recursos de capital,Recursos de capital,3673004533
47001,Santa Marta,Municipio,Magdalena,2024,Otros recursos de capital,Recursos de capital,913070308
47001,Santa Marta,Municipio,Magdalena,2024,Otros recursos de capital,Recursos de capital,1403231614
76520,Palmira,Municipio,Valle del Cauca,2024,Sobretasa ambiental,Ingresos propios,7981342147
76520,Palmira,Municipio,Valle del Cauca,2024,Sobretasa ambiental,Ingresos propios,8314099975
76520,Palmira,Municipio,Valle del Cauca,2024,Impuesto predial unificado,Ingresos propios,40528592591
76520,Palmira,Municipio,Valle del Cauca,2024,Impuesto predial unificado,Ingresos propios,434558269
76520,Palmira,Municipio,Valle del Cauca,2024,Impuesto predial unificado,Ingresos propios,72300000
76520,Palmira,Municipio,Valle del Cauca,2024,Impuesto predial unificado,Ingresos propios,625000000
76520,Palmira,Municipio,Valle del Cauca,2024,Impuesto predial unificado,Ingresos propios,1795376040
76520,Palmira,Municipio,Valle del Cauca,2024,Impuesto predial unificado,Ingresos propios,47829044910
76520,Palmira,Municipio,Valle del Cauca,2024,Impuesto predial unificado,Ingresos propios,483121666
76520,Palmira,Municipio,Valle del Cauca,2024,Sobretasa a la gasolina,Ingresos propios,20098699830
76520,Palmira,Municipio,Valle del Cauca,2024,Sobretasa a la gasolina,Ingresos propios,203017170
76520,Palmira,Municipio,Valle del Cauca,2024,Impuesto de industria y comercio,Ingresos propios,37167028240
76520,Palmira,Municipio,Valle del Cauca,2024,Impuesto de industria y comercio,Ingresos propios,375424527
76520,Palmira,Municipio,Valle del Cauca,2024,Impuesto de industria y comercio,Ingresos propios,20837405345
76520,Palmira,Municipio,Valle del Cauca,2024,Impuesto de industria y comercio,Ingresos propios,210478842
76520,Palmira,Municipio,Valle del Cauca,2024,Impuesto de industria y comercio,Ingresos propios,69157407859
76520,Palmira,Municipio,Valle del Cauca,2024,Impuesto de industria y comercio,Ingresos propios,698559675
76520,Palmira,Municipio,Valle del Cauca,2024,Impuesto complementario de avisos y tableros,Ingresos propios,3811121348
76520,Palmira,Municipio,Valle del Cauca,2024,Impuesto complementario de avisos y tableros,Ingresos propios,38496175
76520,Palmira,Municipio,Valle del Cauca,2024,Otros ingresos tributarios,Ingresos propios,262117452
76520,Palmira,Municipio,Valle del Cauca,2024,Otros ingresos tributarios,Ingresos propios,2647651
76520,Palmira,Municipio,Valle del Cauca,2024,Otros ingresos tributarios,Ingresos propios,431936206
76520,Palmira,Municipio,Valle del Cauca,2024,Otros ingresos tributarios,Ingresos propios,4362992
76520,Palmira,Municipio,Valle del Cauca,2024,Impuesto de delineacion,Ingresos propios,1125125490
76520,Palmira,Municipio,Valle del Cauca,2024,Impuesto de delineacion,Ingresos propios,11364904
76520,Palmira,Municipio,Valle del Cauca,2024,Impuesto de alumbrado publico,Ingresos propios,35546104621
76520,Palmira,Municipio,Valle del Cauca,2024,Impuesto de alumbrado publico,Ingresos propios,103209642
76520,Palmira,Municipio,Valle del Cauca,2024,Sobretasa bomberil,Ingresos propios,5876855253
76520,Palmira,Municipio,Valle del Cauca,2024,Otros ingresos tributarios,Ingresos propios,5724527404
76520,Palmira,Municipio,Valle del Cauca,2024,Impuesto de transporte por oleoductos y gasoductos,Ingresos propios,446540694
76520,Palmira,Municipio,Valle del Cauca,2024,Otros ingresos tributarios,Ingresos propios,463301447
76520,Palmira,Municipio,Valle del Cauca,2024,Otros ingresos tributarios,Ingresos propios,4679813
76520,Palmira,Municipio,Valle del Cauca,2024,Otros ingresos tributarios,Ingresos propios,162242192
76520,Palmira,Municipio,Valle del Cauca,2024,Otros ingresos tributarios,Ingresos propios,27065987
76520,Palmira,Municipio,Valle del Cauca,2024,Otros ingresos tributarios,Ingresos propios,0
76520,Palmira,Municipio,Valle del Cauca,2024,Tasa prodeporte y recreacion,Ingresos propios,4677181014
76520,Palmira,Municipio,Valle del Cauca,2024,Estampillas,Ingresos propios,5298009091
76520,Palmira,Municipio,Valle del Cauca,2024,Estampillas,Ingresos propios,2813689247
76520,Palmira,Municipio,Valle del Cauca,2024,Estampillas,Ingresos propios,2884719792
76520,Palmira,Municipio,Valle del Cauca,2024,"Tasas, multas y contribuciones",Ingresos propios,1619108543
76520,Palmira,Municipio,Valle del Cauca,2024,"Tasas, multas y contribuciones",Ingresos propios,273091612
76520,Palmira,Municipio,Valle del Cauca,2024,"Tasas, multas y contribuciones",Ingresos propios,3663321439
76520,Palmira,Municipio,Valle del Cauca,2024,"Tasas, multas y contribuciones",Ingresos propios,31314289
76520,Palmira,Municipio,Valle del Cauca,2024,"Tasas, multas y contribuciones",Ingresos propios,341840885
76520,Palmira,Municipio,Valle del Cauca,2024,"Tasas, multas y contribuciones",Ingresos propios,47901892
76520,Palmira,Municipio,Valle del Cauca,2024,"Tasas, multas y contribuciones",Ingresos propios,483857
76520,Palmira,Municipio,Valle del Cauca,2024,"Tasas, multas y contribuciones",Ingresos propios,61465833
76520,Palmira,Municipio,Valle del Cauca,2024,"Tasas, multas y contribuciones",Ingresos propios,28343560018
76520,Palmira,Municipio,Valle del Cauca,2024,"Tasas, multas y contribuciones",Ingresos propios,3614329033
76520,Palmira,Municipio,Valle del Cauca,2024,"Tasas, multas y contribuciones",Ingresos propios,36508374
76520,Palmira,Municipio,Valle del Cauca,2024,"Tasas, multas y contribuciones",Ingresos propios,27839143
76520,Palmira,Municipio,Valle del Cauca,2024,"Tasas, multas y contribuciones",Ingresos propios,2660539471
76520,Palmira,Municipio,Valle del Cauca,2024,"Tasas, multas y contribuciones",Ingresos propios,0
76520,Palmira,Municipio,Valle del Cauca,2024,"Tasas, multas y contribuciones",Ingresos propios,1984855933
76520,Palmira,Municipio,Valle del Cauca,2024,"Tasas, multas y contribuciones",Ingresos propios,20049050
76520,Palmira,Municipio,Valle del Cauca,2024,"Tasas, multas y contribuciones",Ingresos propios,1413000
76520,Palmira,Municipio,Valle del Cauca,2024,"Tasas, multas y contribuciones",Ingresos propios,471000
76520,Palmira,Municipio,Valle del Cauca,2024,"Tasas, multas y contribuciones",Ingresos propios,0
76520,Palmira,Municipio,Valle del Cauca,2024,"Tasas, multas y contribuciones",Ingresos propios,369659574
76520,Palmira,Municipio,Valle del Cauca,2024,"Tasas, multas y contribuciones",Ingresos propios,0
76520,Palmira,Municipio,Valle del Cauca,2024,"Tasas, multas y contribuciones",Ingresos propios,8528989853
76520,Palmira,Municipio,Valle del Cauca,2024,"Tasas, multas y contribuciones",Ingresos propios,86151413
76520,Palmira,Municipio,Valle del Cauca,2024,"Tasas, multas y contribuciones",Ingresos propios,1257237083
76520,Palmira,Municipio,Valle del Cauca,2024,"Tasas, multas y contribuciones",Ingresos propios,508907972
76520,Palmira,Municipio,Valle del Cauca,2024,"Tasas, multas y contribuciones",Ingresos propios,429961301
76520,Palmira,Municipio,Valle del Cauca,2024,"Tasas, multas y contribuciones",Ingresos propios,18536089
76520,Palmira,Municipio,Valle del Cauca,2024,"Tasas, multas y contribuciones",Ingresos propios,187233
76520,Palmira,Municipio,Valle del Cauca,2024,"Tasas, multas y contribuciones",Ingresos propios,9825377892
76520,Palmira,Municipio,Valle del Cauca,2024,Sistema general de participaciones,Transferencias,190435904745
76520,Palmira,Municipio,Valle del Cauca,2024,Sistema general de participaciones,Transferencias,2666734528
76520,Palmira,Municipio,Valle del Cauca,2024,Sistema general de participaciones,Transferencias,3571030563
76520,Palmira,Municipio,Valle del Cauca,2024,Sistema general de participaciones,Transferencias,76032929500
76520,Palmira,Municipio,Valle del Cauca,2024,Sistema general de participaciones,Transferencias,4473512204
76520,Palmira,Municipio,Valle del Cauca,2024,Sistema general de participaciones,Transferencias,1545369464
76520,Palmira,Municipio,Valle del Cauca,2024,Sistema general de participaciones,Transferencias,1159027098
76520,Palmira,Municipio,Valle del Cauca,2024,Sistema general de participaciones,Transferencias,14681009907
76520,Palmira,Municipio,Valle del Cauca,2024,Sistema general de participaciones,Transferencias,748357433
76520,Palmira,Municipio,Valle del Cauca,2024,Sistema general de participaciones,Transferencias,11018550311
76520,Palmira,Municipio,Valle del Cauca,2024,Otras transferencias,Transferencias,5001347743
76520,Palmira,Municipio,Valle del Cauca,2024,Otras transferencias,Transferencias,50518664
76520,Palmira,Municipio,Valle del Cauca,2024,Otras transferencias,Transferencias,17313070
76520,Palmira,Municipio,Valle del Cauca,2024,Otras transferencias,Transferencias,3242940000
76520,Palmira,Municipio,Valle del Cauca,2024,Otras transferencias,Transferencias,119527023
76520,Palmira,Municipio,Valle del Cauca,2024,Otras transferencias,Transferencias,137136599
76520,Palmira,Municipio,Valle del Cauca,2024,Otras transferencias,Transferencias,16000000
76520,Palmira,Municipio,Valle del Cauca,2024,Otras transferencias,Transferencias,117000000
76520,Palmira,Municipio,Valle del Cauca,2024,Otras transferencias,Transferencias,256490123
76520,Palmira,Municipio,Valle del Cauca,2024,Recursos del sistema de seguridad social integral,Transferencias,107190053215
76520,Palmira,Municipio,Valle del Cauca,2024,Recursos del sistema de seguridad social integral,Transferencias,1051287008
76520,Palmira,Municipio,Valle del Cauca,2024,Recursos del sistema de seguridad social integral,Transferencias,990115038
76520,Palmira,Municipio,Valle del Cauca,2024,Recursos del sistema de seguridad social integral,Transferencias,2076064504
76520,Palmira,Municipio,Valle del Cauca,2024,"Tasas, multas y contribuciones",Ingresos propios,955700014
76520,Palmira,Municipio,Valle del Cauca,2024,"Tasas, multas y contribuciones",Ingresos propios,51586257178
76520,Palmira,Municipio,Valle del Cauca,2024,"Tasas, multas y contribuciones",Ingresos propios,3183806948
76520,Palmira,Municipio,Valle del Cauca,2024,Dividendos y utilidades por otras inversiones de capital,Recursos de capital,1336819128
76520,Palmira,Municipio,Valle del Cauca,2024,Otros recursos de capital,Recursos de capital,12626
76520,Palmira,Municipio,Valle del Cauca,2024,Otros recursos de capital,Recursos de capital,9268339365
76520,Palmira,Municipio,Valle del Cauca,2024,Otros recursos de capital,Recursos de capital,5378881
76520,Palmira,Municipio,Valle del Cauca,2024,Otros recursos de capital,Recursos de capital,115459297
76520,Palmira,Municipio,Valle del Cauca,2024,Otros recursos de capital,Recursos de capital,86913310
76520,Palmira,Municipio,Valle del Cauca,2024,Otros recursos de capital,Recursos de capital,0
76520,Palmira,Municipio,Valle del Cauca,2024,Otros recursos de capital,Recursos de capital,22339096
76520,Palmira,Municipio,Valle del Cauca,2024,Otros recursos de capital,Recursos de capital,344546625
76520,Palmira,Municipio,Valle del Cauca,2024,Otros recursos de capital,Recursos de capital,240590964
76520,Palmira,Municipio,Valle del Cauca,2024,Otros recursos de capital,Recursos de capital,1962401
76520,Palmira,Municipio,Valle del Cauca,2024,Otros recursos de capital,Recursos de capital,180657402
76520,Palmira,Municipio,Valle del Cauca,2024,Otros recursos de capital,Recursos de capital,56746493
76520,Palmira,Municipio,Valle del Cauca,2024,Otros recursos de capital,Recursos de capital,1185952
76520,Palmira,Municipio,Valle del Cauca,2024,Otros recursos de capital,Recursos de capital,5797675
76520,Palmira,Municipio,Valle del Cauca,2024,Otros recursos de capital,Recursos de capital,0
76520,Palmira,Municipio,Valle del Cauca,2024,Otros recursos de capital,Recursos de capital,0
76520,Palmira,Municipio,Valle del Cauca,2024,Otros recursos de capital,Recursos de capital,0
76520,Palmira,Municipio,Valle del Cauca,2024,Otros recursos de capital,Recursos de capital,0
76520,Palmira,Municipio,Valle del Cauca,2024,Otros recursos de capital,Recursos de capital,4084758003
76520,Palmira,Municipio,Valle del Cauca,2024,Recursos del balance,Recursos de capital,761971750
76520,Palmira,Municipio,Valle del Cauca,2024,Recursos del balance,Recursos de capital,2598519953
76520,Palmira,Municipio,Valle del Cauca,2024,Recursos del balance,Recursos de capital,1786542209
76520,Palmira,Municipio,Valle del Cauca,2024,Recursos del balance,Recursos de capital,228446845
76520,Palmira,Municipio,Valle del Cauca,2024,Recursos del balance,Recursos de capital,549339886
76520,Palmira,Municipio,Valle del Cauca,2024,Recursos del balance,Recursos de capital,1489296095
76520,Palmira,Municipio,Valle del Cauca,2024,Recursos del balance,Recursos de capital,6461355438
76520,Palmira,Municipio,Valle del Cauca,2024,Recursos del balance,Recursos de capital,458480882
76520,Palmira,Municipio,Valle del Cauca,2024,Recursos del balance,Recursos de capital,1694425995
76520,Palmira,Municipio,Valle del Cauca,2024,Recursos del balance,Recursos de capital,306031978
76520,Palmira,Municipio,Valle del Cauca,2024,Recursos del balance,Recursos de capital,3170543888
76520,Palmira,Municipio,Valle del Cauca,2024,Recursos del balance,Recursos de capital,115158083
76520,Palmira,Municipio,Valle del Cauca,2024,Recursos del balance,Recursos de capital,7150480249
76520,Palmira,Municipio,Valle del Cauca,2024,Recursos del balance,Recursos de capital,36624712
76520,Palmira,Municipio,Valle del Cauca,2024,Recursos del balance,Recursos de capital,665849203
76520,Palmira,Municipio,Valle del Cauca,2024,Recursos del balance,Recursos de capital,59362053
76520,Palmira,Municipio,Valle del Cauca,2024,Recursos del balance,Recursos de capital,98129757
76520,Palmira,Municipio,Valle del Cauca,2024,Recursos del balance,Recursos de capital,687979926
76520,Palmira,Municipio,Valle del Cauca,2024,Recursos del balance,Recursos de capital,174745627
76520,Palmira,Municipio,Valle del Cauca,2024,Recursos del balance,Recursos de capital,8040000
76520,Palmira,Municipio,Valle del Cauca,2024,Recursos del balance,Recursos de capital,115076517
76520,Palmira,Municipio,Valle del Cauca,2024,Recursos del balance,Recursos de capital,8915081
76520,Palmira,Municipio,Valle del Cauca,2024,Recursos del balance,Recursos de capital,503302
76520,Palmira,Municipio,Valle del Cauca,2024,Recursos del balance,Recursos de capital,981546225
76520,Palmira,Municipio,Valle del Cauca,2024,Recursos del balance,Recursos de capital,17877006
76520,Palmira,Municipio,Valle del Cauca,2024,Recursos del balance,Recursos de capital,1233085
76520,Palmira,Municipio,Valle del Cauca,2024,Recursos del balance,Recursos de capital,40892566688
76520,Palmira,Municipio,Valle del Cauca,2024,Recursos del balance,Recursos de capital,2308935072
76520,Palmira,Municipio,Valle del Cauca,2024,Recursos del balance,Recursos de capital,108263013
76520,Palmira,Municipio,Valle del Cauca,2024,Recursos del balance,Recursos de capital,472000000
76520,Palmira,Municipio,Valle del Cauca,2024,Recursos del balance,Recursos de capital,10076293
76520,Palmira,Municipio,Valle del Cauca,2024,Recursos del balance,Recursos de capital,129075359
76520,Palmira,Municipio,Valle del Cauca,2024,Recursos del balance,Recursos de capital,788947466
76520,Palmira,Municipio,Valle del Cauca,2024,Recursos del balance,Recursos de capital,14096055426
76520,Palmira,Municipio,Valle del Cauca,2024,Otros recursos de capital,Recursos de capital,2961620006
76520,Palmira,Municipio,Valle del Cauca,2024,Otros recursos de capital,Recursos de capital,730198507
76520,Palmira,Municipio,Valle del Cauca,2024,Otros recursos de capital,Recursos de capital,4517032
76520,Palmira,Municipio,Valle del Cauca,2024,Otros recursos de capital,Recursos de capital,248963265
